Month,Min.Price,Max.Price,Model.Price,Retail.Price,ArrivalQty
1/1/2020,4000,8000,6000,10000,200
1/2/2020,4200,8000,6500,10000,180
1/3/2020,4500,8000,7000,10000,200
1/4/2020,4300,8000,7600,10000,220
1/5/2020,,,,,
1/6/2020,4000,6000,5000,8000,200
1/7/2020,4200,6000,5500,8000,180
1/8/2020,4000,6200,5400,8000,200
1/9/2020,3800,5500,5000,8000,180
1/10/2020,4000,6000,5200,8000,160
1/11/2020,4000,6000,5000,8000,165
1/12/2020,,,,,
1/13/2020,3600,5000,4500,8000,140
1/14/2020,2800,4000,3000,8000,120
1/15/2020,2600,4000,3200,8000,100
1/16/2020,2200,4000,3000,6000,20
1/17/2020,2200,4000,2800,6000,18
1/18/2020,2100,5000,3000,8000,80
1/19/2020,,,,,
1/20/2020,2800,6000,4500,9000,100
1/21/2020,3000,5000,4000,8000,80
1/22/2020,2000,4000,3200,8000,110
1/23/2020,2200,5000,4000,8000,180
1/24/2020,2100,5000,4200,8000,120
1/25/2020,2200,4800,4000,8000,200
1/26/2020,,,,,
1/27/2020,2300,4600,3500,8000,230
1/28/2020,2000,3400,3000,8000,280
1/29/2020,2200,4000,3000,8000,260
1/30/2020,2100,3800,2800,8000,300
1/31/2020,2000,3600,2600,8000,270
2/1/2020,2000,3600,3000,7000,180
2/2/2020,,,,,
2/3/2020,2100,3600,3000,7000,170
2/4/2020,2000,3400,2900,7000,150
2/5/2020,1800,3200,2800,7000,158
2/6/2020,2000,3000,2600,7000,180
2/7/2020,2100,2800,2300,7000,200
2/8/2020,1800,2500,2100,8000,218
2/9/2020,,,,,
2/10/2020,2000,2800,2200,8000,300
2/11/2020,1800,2800,2200,8000,280
2/12/2020,1800,2600,2400,8000,240
2/13/2020,1600,2400,2000,8000,220
2/14/2020,1500,2400,2000,7000,210
2/15/2020,1600,2500,2100,8000,260
2/16/2020,,,,,
2/17/2020,1600,2400,2000,7000,240
2/18/2020,1400,2500,2100,7000,270
2/19/2020,1200,2400,2000,6000,440
2/20/2020,1200,2500,2100,6000,500
2/21/2020,1400,2500,2200,6000,480
2/22/2020,1000,2200,1800,6000,540
2/23/2020,,,,,
2/24/2020,1200,2300,1800,7000,400
2/25/2020,1000,2200,1500,6000,380
2/26/2020,1000,2500,1800,7000,32
2/27/2020,1100,2600,1900,8000,400
2/28/2020,1200,2400,1800,7000,680
2/29/2020,1000,2200,1600,6000,700
3/1/2020,,,,,
3/2/2020,1200,2200,1800,8000,440
3/3/2020,1000,2200,1900,7000,600
3/4/2020,1000,2100,1800,6000,427
3/5/2020,1000,2000,1500,5000,400
3/6/2020,1100,2500,1800,5000,380
3/7/2020,1000,2100,1700,5000,376
3/8/2020,,,,,
3/9/2020,950,2000,1600,5000,360
3/10/2020,,,,,
3/11/2020,1000,2000,1600,5000,322
3/12/2020,1000,2100,1700,5000,356
3/13/2020,1100,2500,1800,5100,509
3/14/2020,1100,2400,1700,5000,634
3/15/2020,,,,,
3/16/2020,1000,2100,1600,6000,550
3/17/2020,1100,2000,1800,6000,358
3/18/2020,1000,2000,1600,6000,430
3/19/2020,1000,2000,1500,4000,850
3/20/2020,800,1800,1400,3000,1400
3/21/2020,600,1800,1200,3000,199
3/22/2020,,,,,
3/23/2020,1000,2000,1600,4000,1280
3/24/2020,,,,,
3/25/2020,,,,,
3/26/2020,,,,,
3/27/2020,,,,,
3/28/2020,,,,,
3/29/2020,,,,,
3/30/2020,,,,,
3/31/2020,,,,,
4/1/2020,,,,,
4/2/2020,,,,,
4/3/2020,,,,,
4/4/2020,,,,,
4/5/2020,,,,,
4/6/2020,,,,,
4/7/2020,,,,,
4/8/2020,,,,,
4/9/2020,,,,,
4/10/2020,,,,,
4/11/2020,,,,,
4/12/2020,,,,,
4/13/2020,,,,,
4/14/2020,,,,,
4/15/2020,,,,,
4/16/2020,,,,,
4/17/2020,,,,,
4/18/2020,,,,,
4/19/2020,,,,,
4/20/2020,,,,,
4/21/2020,,,,,
4/22/2020,,,,,
4/23/2020,,,,,
4/24/2020,,,,,
4/25/2020,,,,,
4/26/2020,,,,,
4/27/2020,,,,,
4/28/2020,,,,,
4/29/2020,,,,,
4/30/2020,,,,,
5/1/2020,,,,,
5/2/2020,,,,,
5/3/2020,,,,,
5/4/2020,,,,,
5/5/2020,,,,,
5/6/2020,,,,,
5/7/2020,,,,,
5/8/2020,,,,,
5/9/2020,,,,,
5/10/2020,,,,,
5/11/2020,,,,,
5/12/2020,,,,,
5/13/2020,,,,,
5/14/2020,,,,,
5/15/2020,,,,,
5/16/2020,,,,,
5/17/2020,,,,,
5/18/2020,,,,,
5/19/2020,,,,,
5/20/2020,,,,,
5/21/2020,,,,,
5/22/2020,,,,,
5/23/2020,,,,,
5/24/2020,,,,,
5/25/2020,,,,,
5/26/2020,,,,,
5/27/2020,,,,,
5/28/2020,,,,,
5/29/2020,,,,,
5/30/2020,,,,,
5/31/2020,,,,,
6/1/2020,,,,,
6/2/2020,,,,,
6/3/2020,,,,,
6/4/2020,,,,,
6/5/2020,,,,,
6/6/2020,,,,,
6/7/2020,,,,,
6/8/2020,,,,,
6/9/2020,,,,,
6/10/2020,,,,,
6/11/2020,,,,,
6/12/2020,,,,,
6/13/2020,,,,,
6/14/2020,,,,,
6/15/2020,,,,,
6/16/2020,,,,,
6/17/2020,600,1100,900,2000,200
6/18/2020,,,,,
6/19/2020,,,,,
6/20/2020,,,,,
6/21/2020,,,,,
6/22/2020,800,1600,1400,2000,300
6/23/2020,500,1400,1200,2000,450
6/24/2020,400,1200,1000,2000,840
6/25/2020,440,1000,800,2000,900
6/26/2020,450,1000,700,2000,1200
6/27/2020,400,1000,800,2000,850
6/28/2020,,,,,
6/29/2020,400,900,650,2000,800
6/30/2020,420,800,660,2000,400
7/1/2020,400,1000,760,2000,280
7/2/2020,600,1200,800,2000,190
7/3/2020,500,1100,840,2000,220
7/4/2020,640,1000,800,2000,820
7/5/2020,,,,,
7/6/2020,400,1200,820,2500,650
7/7/2020,450,1200,800,2500,800
7/8/2020,500,1100,800,2000,450
7/9/2020,400,1100,820,2000,360
7/10/2020,350,1000,800,2000,400
7/11/2020,400,1000,800,2000,410
7/12/2020,,,,,
7/13/2020,400,1000,650,2000,340
7/14/2020,400,1000,600,2000,480
7/15/2020,380,1200,700,2000,520
7/16/2020,350,1000,800,2000,600
7/17/2020,300,1000,800,2000,584
7/18/2020,500,1100,850,2200,550
7/19/2020,,,,,
7/20/2020,,,,,
7/21/2020,450,1000,800,2000,650
7/22/2020,440,1000,750,2000,600
7/23/2020,400,900,600,2000,320
7/24/2020,,,,,
7/25/2020,500,1100,800,2000,660
7/26/2020,,,,,
7/27/2020,400,900,600,2000,400
7/28/2020,400,1000,800,2000,360
7/29/2020,400,1000,800,2000,440
7/30/2020,400,1000,800,2000,44
7/31/2020,340,1000,700,2000,200
8/1/2020,,,,,
8/2/2020,,,,,
8/3/2020,300,800,600,2000,260
8/4/2020,400,900,600,2000,300
8/5/2020,200,700,500,2000,630
8/6/2020,350,1000,600,2000,540
8/7/2020,300,800,600,2000,480
8/8/2020,400,900,600,2000,700
8/9/2020,,,,,
8/10/2020,300,800,600,2000,500
8/11/2020,300,800,600,2000,500
8/12/2020,,,,,
8/13/2020,600,1300,900,2200,667
8/14/2020,650,1300,900,2200,850
8/15/2020,,,,,
8/16/2020,,,,,
8/17/2020,600,1300,900,2200,842
8/18/2020,500,1200,800,2200,290
8/19/2020,450,1200,700,2200,189
8/20/2020,600,1300,900,2200,142
8/21/2020,400,1000,600,2000,240
8/22/2020,450,1100,650,2000,228
8/23/2020,,,,,
8/24/2020,600,2000,1400,2000,117
8/25/2020,600,2000,1600,2000,200
8/26/2020,500,1500,1200,2000,127
8/27/2020,400,1600,1200,2000,480
8/28/2020,600,1300,1000,2200,500
8/29/2020,500,1200,800,2200,660
8/30/2020,,,,,
8/31/2020,600,1600,1300,2300,570
9/1/2020,600,1600,1200,3000,317
9/2/2020,500,1500,1200,3000,211
9/3/2020,550,1200,1000,2600,320
9/4/2020,600,1600,1200,2600,235
9/5/2020,500,1000,900,2600,210
9/6/2020,,,,,
9/7/2020,600,1500,1200,2500,353
9/8/2020,650,1800,1400,3000,170
9/9/2020,600,1500,1200,3000,320
9/10/2020,700,2000,1600,3200,400
9/11/2020,600,1800,1200,3500,530
9/12/2020,800,1800,1500,4000,600
9/13/2020,,,,,
9/14/2020,600,2000,1600,4000,480
9/15/2020,400,1500,1200,4000,360
9/16/2020,480,2000,1600,5000,200
9/17/2020,600,2800,2400,6000,160
9/18/2020,600,2800,2200,6000,120
9/19/2020,500,2200,1650,4000,230
9/20/2020,,,,,
9/21/2020,750,2500,2000,4000,138
9/22/2020,600,3000,2500,4000,112
9/23/2020,600,2300,1900,4000,220
9/24/2020,600,3000,2600,4000,230
9/25/2020,1000,3000,2500,6000,280
9/26/2020,800,3000,2500,6000,220
9/27/2020,,,,,
9/28/2020,1200,3000,2500,5000,218
9/29/2020,1100,3000,2500,5000,200
9/30/2020,800,3000,2500,5000,280
10/1/2020,800,2300,2000,5000,130
10/2/2020,,,,,
10/3/2020,720,3000,2500,6000,140
10/4/2020,,,,,
10/5/2020,,,,,
10/6/2020,600,3000,2100,6000,50
10/7/2020,800,2500,2000,6000,100
10/8/2020,1000,4000,3000,6000,80
10/9/2020,800,3500,3000,6000,82
10/10/2020,700,3800,3100,6000,94
10/11/2020,,,,,
10/12/2020,600,3500,2800,6000,100
10/13/2020,700,2500,2300,8000,10
10/14/2020,600,3500,2500,8000,49
10/15/2020,1000,4800,4000,10000,10
10/16/2020,1200,3500,2500,8000,10
10/17/2020,800,4500,3200,8000,12
10/18/2020,,,,,
10/19/2020,900,4500,3300,8000,10
10/20/2020,800,2000,1600,8000,0
10/21/2020,1500,8000,5500,10000,30
10/22/2020,1000,8000,5000,10000,20
10/23/2020,1000,5000,3500,8000,16
10/24/2020,1800,6800,4000,8000,30
10/25/2020,,,,,
10/26/2020,1400,5000,3500,8000,15
10/27/2020,1600,7000,6500,10000,22
10/28/2020,1500,5000,3600,10000,26
10/29/2020,1400,5000,3500,10000,17
10/30/2020,,,,,
10/31/2020,1500,5000,3600,10000,20
11/1/2020,1000,4000,3000,10000,19
11/2/2020,,,,,
11/3/2020,1400,5000,4000,10000,10
11/4/2020,1000,5000,3500,10000,27
11/5/2020,1000,7000,5000,10000,29
11/6/2020,2000,5000,4000,10000,34
11/7/2020,1600,5000,3500,10000,29
11/8/2020,,,,,
11/9/2020,1400,6000,4000,10000,40
11/10/2020,1000,3000,2500,10000,22
11/11/2020,1200,3100,2600,10000,11
11/12/2020,1000,3100,2600,10000,13
11/13/2020,1000,3100,2600,10000,19
11/14/2020,,,,,
11/15/2020,,,,,
11/16/2020,1000,3100,2500,10000,65
11/17/2020,1000,3100,2600,10000,43
11/18/2020,900,3000,2500,10000,40
11/19/2020,1500,3100,2600,10000,15
11/20/2020,1000,3100,2600,10000,62
11/21/2020,1000,3100,2600,10000,34
11/22/2020,,,,,
11/23/2020,1500,5000,3500,10000,8
11/24/2020,1000,3100,2600,10000,40
11/25/2020,1000,3100,2600,10000,26
11/26/2020,1000,3100,2600,10000,82
11/27/2020,1050,3200,2650,10000,32
11/28/2020,1000,3100,2600,10000,30
11/29/2020,,,,,
11/30/2020,,,,,
12/1/2020,,,,,
12/2/2020,1500,3100,2600,10000,32
12/3/2020,1500,3100,2800,10000,37
12/4/2020,1600,3200,2900,10000,39
12/5/2020,1000,3100,2600,10000,85
12/6/2020,,,,,
12/7/2020,1000,3100,2500,10000,55
12/8/2020,1000,3100,2500,8000,31
12/9/2020,900,3000,2300,6500,40
12/10/2020,1000,3100,2200,6400,49
12/11/2020,1000,3100,2500,6400,13
12/12/2020,1000,3500,2500,6400,15
12/13/2020,,,,,
12/14/2020,1000,3500,2500,5800,51
12/15/2020,1000,3000,2500,5800,23
12/16/2020,1200,3200,3000,6000,67
12/17/2020,1000,2500,2000,6000,47
12/18/2020,1000,3500,3300,6000,42
12/19/2020,1500,3000,2800,6000,100
12/20/2020,,,,,
12/21/2020,1600,3000,2800,5000,92
12/22/2020,1500,3000,2700,5000,53
12/23/2020,1600,3000,2800,5000,71
12/24/2020,1000,2500,2000,6000,52
12/25/2020,,,,,
12/26/2020,1000,2500,2100,4000,30
12/27/2020,,,,,
12/28/2020,1200,2800,2200,4000,55
12/29/2020,1100,2800,2200,4000,88
12/30/2020,1100,2800,2500,4000,82
12/31/2020,1000,3000,2400,4000,60
1/1/2021,1500,2800,2300,4000,50
1/2/2021,1500,3000,2400,4000,80
1/3/2021,,,,,
1/4/2021,1000,3200,2500,5000,38
1/5/2021,1000,2500,2200,4500,20
1/6/2021,1100,2600,2300,4000,38
1/7/2021,2000,2800,2200,4000,60
1/8/2021,1200,3500,2800,4000,50
1/9/2021,1200,3400,2800,4000,60
1/10/2021,,,,,
1/11/2021,1000,2600,2300,4000,25
1/12/2021,1100,3000,2500,4000,26
1/13/2021,1000,3000,2400,4000,28
1/14/2021,1000,3500,2800,4000,42
1/15/2021,1000,3500,2700,4000,28
1/16/2021,1200,3500,2800,4000,0
1/17/2021,,,,,
1/18/2021,1000,3800,3000,4000,90
1/19/2021,1000,3000,2500,4000,36
1/20/2021,1000,3500,2500,4000,80
1/21/2021,1000,3400,2400,3600,78
1/22/2021,1000,3000,2500,4000,100
1/23/2021,1000,3000,2500,4000,105
1/24/2021,,,,,
1/25/2021,1000,2400,2000,4000,60
1/26/2021,,,,,
1/27/2021,1000,2500,2000,6000,80
1/28/2021,1000,3000,2500,3000,68
1/29/2021,1000,2500,2000,3000,34
1/30/2021,1000,2500,2100,4000,60
1/31/2021,,,,,
2/1/2021,1000,2300,2000,4000,70
2/2/2021,1000,3000,2500,4000,40
2/3/2021,1000,3300,2800,4000,56
2/4/2021,1000,3500,3000,4000,20
2/5/2021,1000,4000,2800,5000,20
2/6/2021,1000,3500,2800,5000,25
2/7/2021,,,,,
2/8/2021,1000,3500,2800,5000,20
2/9/2021,1000,3500,2600,5000,22
2/10/2021,1000,3600,2500,5000,20
2/11/2021,1100,3600,2600,5000,22
2/12/2021,1000,4000,3000,5000,28
2/13/2021,1100,4000,3200,6000,22
2/14/2021,,,,,
2/15/2021,1500,3500,3000,6000,62
2/16/2021,1400,3500,3000,6000,80
2/17/2021,1200,3000,2300,6000,60
2/18/2021,1100,2900,2200,6000,72
2/19/2021,1000,2700,2200,6000,48
2/20/2021,1000,4000,3000,6000,20
2/21/2021,,,,,
2/22/2021,1500,3000,2800,6000,40
2/23/2021,1600,3200,2800,6000,32
2/24/2021,2000,4500,3500,6000,58
2/25/2021,1800,4300,3200,6000,48
2/26/2021,1000,4000,3000,6000,52
2/27/2021,1000,3000,2500,6000,138
2/28/2021,,,,,
3/1/2021,1000,3000,2200,6000,140
3/2/2021,1000,2500,2000,6000,72
3/3/2021,1000,2500,2200,6000,34
3/4/2021,1000,2500,2100,5000,73
3/5/2021,1000,2500,2000,5000,100
3/6/2021,1000,2600,2000,5000,112
3/7/2021,,,,,
3/8/2021,1050,2600,2000,5000,160
3/9/2021,1000,2200,1800,5000,180
3/10/2021,800,1800,1600,4000,112
3/11/2021,1000,1800,1600,4000,150
3/12/2021,1000,1800,1550,4000,180
3/13/2021,1000,1800,1500,4000,210
3/14/2021,,,,,
3/15/2021,1000,1800,1400,4000,200
3/16/2021,1000,1600,1400,4000,120
3/17/2021,1000,2000,1800,4000,132
3/18/2021,1000,2000,1200,40000,110
3/19/2021,1000,1800,1400,4000,140
3/20/2021,800,1500,1400,4000,130
3/21/2021,,,,,
3/22/2021,750,1600,1300,4000,120
3/23/2021,800,1400,1300,4000,72
3/24/2021,600,1500,1300,4000,100
3/25/2021,500,1300,1200,3000,120
3/26/2021,500,1200,1000,3000,142
3/27/2021,500,1300,1200,3000,110
3/28/2021,,,,,
3/29/2021,,,,,
3/30/2021,500,1400,1200,3000,80
3/31/2021,600,1200,900,2500,100
4/1/2021,600,1200,1000,2500,110
4/2/2021,,,,,
4/3/2021,600,1200,1100,2500,58
4/4/2021,,,,,
4/5/2021,600,1200,1050,2500,100
4/6/2021,600,1200,1000,2500,102
4/7/2021,600,1200,1100,2500,209
4/8/2021,500,1000,800,2500,128
4/9/2021,400,1000,800,2500,88
4/10/2021,400,1000,700,2500,90
4/11/2021,,,,,
4/12/2021,450,1000,800,2500,76
4/13/2021,400,1000,800,2500,29
4/14/2021,,,,,
4/15/2021,400,1200,1000,2500,23
4/16/2021,400,1200,1000,2500,52
4/17/2021,500,1000,800,2500,72
4/18/2021,,,,,
4/19/2021,500,1100,800,2500,110
4/20/2021,500,1100,800,2500,100
4/21/2021,,,,,
4/22/2021,500,1400,1200,2500,160
4/23/2021,500,1200,1000,2500,82
4/24/2021,400,1100,800,2500,130
4/25/2021,,,,,
4/26/2021,500,1100,800,2500,110
4/27/2021,400,1000,800,2500,52
4/28/2021,400,1000,800,2500,48
4/29/2021,400,1000,750,2500,60
4/30/2021,400,1000,800,2500,82
5/1/2021,600,1200,1000,2500,122
5/2/2021,,,,,
5/3/2021,600,1200,900,2500,130
5/4/2021,400,1100,800,2500,80
5/5/2021,500,1200,1000,2500,110
5/6/2021,300,1200,1000,2500,140
5/7/2021,300,1100,800,2500,112
5/8/2021,300,1000,800,2500,110
5/9/2021,,,,,
5/10/2021,300,1200,900,2500,112
5/11/2021,300,1300,1000,2500,88
5/12/2021,350,1500,1200,3000,40
5/13/2021,700,1600,1300,3300,55
5/14/2021,,,,,
5/15/2021,800,1500,1300,3500,40
5/16/2021,,,,,
5/17/2021,1000,1500,1300,4000,60
5/18/2021,1000,1400,1200,4000,98
5/19/2021,600,1500,1300,4000,100
5/20/2021,500,1200,1000,4000,118
5/21/2021,500,1400,1200,4000,68
5/22/2021,500,1200,1000,4000,110
5/23/2021,,,,,
5/24/2021,500,1200,900,4000,80
5/25/2021,800,1200,1100,4000,60
5/26/2021,,,,,
5/27/2021,500,1000,900,4000,14
5/28/2021,500,1400,1200,4000,60
5/29/2021,600,1400,1200,4000,50
5/30/2021,,,,,
5/31/2021,600,1400,1200,4000,42
6/1/2021,800,1600,1400,4000,65
6/2/2021,600,1800,1400,4000,32
6/3/2021,500,1450,1100,4000,107
6/4/2021,800,1500,1000,4000,85
6/5/2021,600,1500,1200,4000,84
6/6/2021,,,,,
6/7/2021,600,1400,1200,4000,80
6/8/2021,800,1600,1500,4000,40
6/9/2021,800,1500,1200,4000,96
6/10/2021,800,1500,1300,4000,55
6/11/2021,800,1400,1200,4000,42
6/12/2021,800,2000,1600,4000,140
6/13/2021,,,,,
6/14/2021,800,2000,1600,4000,120
6/15/2021,800,2100,1500,4000,89
6/16/2021,800,2000,1600,4000,48
6/17/2021,800,2000,1600,4000,50
6/18/2021,800,2000,1600,4000,52
6/19/2021,800,2000,1800,4000,68
6/20/2021,,,,,
6/21/2021,1000,2200,1800,4000,55
6/22/2021,1000,2200,1800,4000,49
6/23/2021,1000,2100,1700,4000,40
6/24/2021,800,2000,1800,4000,48
6/25/2021,800,2000,1900,4000,45
6/26/2021,1000,1800,1600,4000,32
6/27/2021,,,,,
6/28/2021,1000,2200,1800,4000,59
6/29/2021,600,2000,1800,4000,36
6/30/2021,600,2000,1900,4000,48
7/1/2021,600,2000,1800,4000,60
7/2/2021,800,2000,1600,4000,72
7/3/2021,700,2000,1600,4000,70
7/4/2021,,,,,
7/5/2021,800,1800,1400,4000,52
7/6/2021,1000,2000,1800,4000,32
7/7/2021,800,2000,1800,4000,48
7/8/2021,800,2000,1800,4000,40
7/9/2021,1000,2200,2000,4000,49
7/10/2021,1000,2100,2000,4000,36
7/11/2021,,,,,
7/12/2021,1000,2000,1800,4000,40
7/13/2021,800,2000,1600,4000,36
7/14/2021,800,2000,1700,4000,42
7/15/2021,800,2000,1600,4000,32
7/16/2021,800,2000,1800,4000,38
7/17/2021,800,2000,1800,4000,32
7/18/2021,,,,,
7/19/2021,800,2000,1800,4000,30
7/20/2021,800,2000,1700,4000,29
7/21/2021,,,,,
7/22/2021,1000,2200,1800,4000,22
7/23/2021,1000,2000,1700,4000,46
7/24/2021,1000,1800,1600,4000,36
7/25/2021,,,,,
7/26/2021,1000,1800,1000,4000,40
7/27/2021,1000,2200,1900,4000,50
7/28/2021,1000,2000,1800,4000,42
7/29/2021,1000,2200,1800,4000,32
7/30/2021,1000,2200,1800,4000,50
7/31/2021,1000,2200,1800,4000,62
8/1/2021,,,,,
8/2/2021,1500,2500,2300,4000,84
8/3/2021,,,,,
8/4/2021,1000,2200,1800,4000,25
8/5/2021,1000,2000,1800,4000,40
8/6/2021,800,2500,2000,4000,38
8/7/2021,1000,2200,1800,4000,54
8/8/2021,,,,,
8/9/2021,1000,2000,1800,4000,38
8/10/2021,1000,2000,1700,4000,20
8/11/2021,1000,2000,1600,4000,18
8/12/2021,1000,2000,1800,4000,27
8/13/2021,1000,2000,1700,4000,22
8/14/2021,1000,2000,1600,4000,28
8/15/2021,,,,,
8/16/2021,1000,2000,1800,4000,48
8/17/2021,1000,2000,1800,4000,52
8/18/2021,1500,2000,1900,4000,40
8/19/2021,1500,2000,1800,4000,28
8/20/2021,,,,,
8/21/2021,1000,1800,1600,4000,38
8/22/2021,,,,,
8/23/2021,1000,2000,1800,4000,68
8/24/2021,1000,2000,1800,4000,12
8/25/2021,1000,2200,1800,4000,30
8/26/2021,1000,2100,1700,4000,28
8/27/2021,800,2200,1800,4000,42
8/28/2021,1000,1800,1600,4000,48
8/29/2021,,,,,
8/30/2021,,,,,
8/31/2021,1000,1800,1700,4000,36
9/1/2021,1000,1800,1600,4000,44
9/2/2021,1000,2000,1800,4000,20
9/3/2021,800,2000,1500,4000,20
9/4/2021,800,2000,1600,4000,12
9/5/2021,,,,,
9/6/2021,1000,1700,1500,4000,84
9/7/2021,600,2000,1600,4000,17
9/8/2021,600,2000,1500,4000,32
9/9/2021,800,2000,1600,4000,47
9/10/2021,1000,2000,1800,4000,57
9/11/2021,1000,2200,1800,4000,65
9/12/2021,,,,,
9/13/2021,1000,1800,1600,4000,55
9/14/2021,600,1800,1200,4000,48
9/15/2021,500,1500,1300,4000,66
9/16/2021,600,2000,1500,4000,62
9/17/2021,800,1800,1600,4000,134
9/18/2021,1000,1800,1500,4000,100
9/19/2021,,,,,
9/20/2021,1000,1500,1400,4000,68
9/21/2021,800,2000,1600,4000,22
9/22/2021,800,1500,1200,4000,61
9/23/2021,600,1500,1100,3500,80
9/24/2021,700,1500,1200,3500,33
9/25/2021,1000,1500,1400,3500,42
9/26/2021,,,,,
9/27/2021,1000,2000,1800,3500,56
9/28/2021,1500,2200,2000,4000,25
9/29/2021,600,2200,1600,3500,70
9/30/2021,1000,2000,1800,3500,67
10/1/2021,500,1500,1200,4000,30
10/2/2021,,,,,
10/3/2021,,,,,
10/4/2021,500,1500,1100,4000,28
10/5/2021,700,1800,1500,4000,37
10/6/2021,1000,2500,2300,4000,57
10/7/2021,1000,2700,2200,4000,50
10/8/2021,600,2500,1800,4000,57
10/9/2021,800,2500,2000,4000,44
10/10/2021,,,,,
10/11/2021,1500,2500,2300,4000,82
10/12/2021,500,2000,1500,4000,16
10/13/2021,1000,2500,2000,4000,30
10/14/2021,1500,25000,2200,6000,60
10/15/2021,,,,,
10/16/2021,1200,2600,2000,5000,66
10/17/2021,,,,,
10/18/2021,1500,3000,2500,6000,28
10/19/2021,,,,,
10/20/2021,1000,3000,2800,6000,97
10/21/2021,1000,2200,1800,6000,24
10/22/2021,1000,2200,1700,6000,22
10/23/2021,1000,3000,2500,6000,95
10/24/2021,,,,,
10/25/2021,1000,2800,2200,6000,99
10/26/2021,1000,1500,1400,6000,9
10/27/2021,1000,2000,1800,6000,51
10/28/2021,1000,2500,1600,6000,78
10/29/2021,600,2000,1500,6000,78
10/30/2021,600,2200,1600,6000,122
10/31/2021,,,,,
11/1/2021,1200,2500,2200,3500,112
11/2/2021,600,1600,1300,3500,13
11/3/2021,1200,2000,1800,3500,48
11/4/2021,,,,,
11/5/2021,1000,1500,1300,3500,28
11/6/2021,1000,2000,1800,3500,32
11/7/2021,,,,,
11/8/2021,700,3500,2300,3600,57
11/9/2021,700,3000,2500,3600,26
11/10/2021,1000,3500,2500,3600,38
11/11/2021,1000,3500,2500,3600,111
11/12/2021,1200,3200,2500,3600,139
11/13/2021,1200,3500,2500,3600,134
11/14/2021,,,,,
11/15/2021,1000,2000,1600,3600,110
11/16/2021,1000,2000,1800,3600,53
11/17/2021,1000,3000,2200,3600,64
11/18/2021,800,2500,1800,3600,82
11/19/2021,,,,,
11/20/2021,1000,2000,1800,3600,68
11/21/2021,,,,,
11/22/2021,800,2500,2000,3600,35
11/23/2021,1000,2000,1800,3600,39
11/24/2021,1000,2500,2000,3700,55
11/25/2021,600,2500,2000,3700,54
11/26/2021,1200,2500,2000,3800,47
11/27/2021,800,2500,1800,3800,80
11/28/2021,,,,,
11/29/2021,400,2000,1600,3800,107
11/30/2021,1000,2500,2000,3800,35
12/1/2021,800,2200,1800,3800,193
12/2/2021,400,2000,1400,3500,107
12/3/2021,800,1500,1300,3600,82
12/4/2021,800,1500,1200,3600,54
12/5/2021,,,,,
12/6/2021,800,1500,1300,3600,67
12/7/2021,1000,2000,1500,3600,32
12/8/2021,600,2500,2000,3600,44
12/9/2021,500,2000,1500,3600,80
12/10/2021,1000,2300,2000,3500,79
12/11/2021,800,2000,1600,3500,64
12/12/2021,,,,,
12/13/2021,1000,2000,1800,3500,69
12/14/2021,1200,2500,2000,3500,11
12/15/2021,800,2000,1700,3500,63
12/16/2021,800,2000,1600,3500,46
12/17/2021,1000,2000,1800,3500,107
12/18/2021,1000,2800,2200,3500,75
12/19/2021,,,,,
12/20/2021,1000,2000,1800,3500,75
12/21/2021,1000,2500,2000,3500,12
12/22/2021,1000,2500,2000,3500,87
12/23/2021,800,2200,1700,3500,82
12/24/2021,1000,2500,2000,3600,99
12/25/2021,,,,,
12/26/2021,,,,,
12/27/2021,1000,2200,1700,3600,65
12/28/2021,1000,2000,1800,3600,50
12/29/2021,1000,2500,2000,3600,68
12/30/2021,800,2500,2000,3800,56
12/31/2021,1000,2500,2000,3800,117
1/1/2022,800,2000,1600,3800,107
1/2/2022,,,,,
1/3/2022,1000,2000,1800,3800,73
1/4/2022,800,2000,1600,3800,107
1/5/2022,1000,2000,1800,3800,65
1/6/2022,1000,2000,1800,3800,43
1/7/2022,800,2000,1500,3000,35
1/8/2022,800,2000,1600,3000,40
1/9/2022,,,,,
1/10/2022,600,2000,1500,2800,117
1/11/2022,800,2000,1400,2800,68
1/12/2022,1000,2000,1500,2800,91
1/13/2022,1000,2500,2000,2800,80
1/14/2022,1000,2000,1800,2800,13
1/15/2022,1000,2300,1800,2800,3
1/16/2022,,,,,
1/17/2022,800,2500,2000,3000,8
1/18/2022,800,2500,2000,3000,10
1/19/2022,1000,2000,1500,3000,70
1/20/2022,1000,2500,2000,3000,47
1/21/2022,800,2000,1500,3000,125
1/22/2022,800,2300,1800,3500,82
1/23/2022,,,,,
1/24/2022,1500,2500,2000,3500,57
1/25/2022,1000,2200,1700,3500,20
1/26/2022,,,,,
1/27/2022,,,,,
1/28/2022,800,2500,2000,3500,23
1/29/2022,600,2600,2100,3500,130
1/30/2022,,,,,
1/31/2022,1000,1800,1600,3500,104
2/1/2022,600,2200,1700,3200,104
2/2/2022,600,2100,1600,3200,100
2/3/2022,1000,2200,1700,3000,66
2/4/2022,500,2000,1500,3000,69
2/5/2022,1000,2500,2000,3000,54
2/6/2022,,,,,
2/7/2022,1000,2200,1700,3000,64
2/8/2022,1000,2000,1800,3000,13
2/9/2022,1000,2000,1800,3000,47
2/10/2022,800,2500,2000,3000,66
2/11/2022,900,2400,2000,3000,60
2/12/2022,600,2000,1500,3000,44
2/13/2022,,,,,
2/14/2022,1500,2500,2200,3000,42
2/15/2022,1000,2400,1900,3000,5
2/16/2022,800,2300,1800,3000,32
2/17/2022,1500,3000,2500,4000,45
2/18/2022,1000,3000,2500,4000,40
2/19/2022,1000,3000,2500,4000,30
2/20/2022,,,,,
2/21/2022,1500,2600,2000,4000,15
2/22/2022,1000,3000,2500,4000,13
2/23/2022,1000,2500,2200,3500,56
2/24/2022,1000,3000,2500,4000,22
2/25/2022,800,2800,2300,4000,62
2/26/2022,1500,2500,2200,4000,50
2/27/2022,,,,,
2/28/2022,1000,3000,2500,4000,78
3/1/2022,,,,,
3/2/2022,1000,2500,2000,4000,69
3/3/2022,1000,2500,2000,4000,56
3/4/2022,1000,2500,2000,4000,89
3/5/2022,1000,2500,2100,4000,99
3/6/2022,,,,,
3/7/2022,1000,2000,1800,3000,110
3/8/2022,1000,2000,1900,3000,98
3/9/2022,1000,2000,1700,3000,68
3/10/2022,1000,1800,1200,3000,48
3/11/2022,600,1000,800,3000,7
3/12/2022,800,2000,1500,3000,127
3/13/2022,,,,,
3/14/2022,500,1600,1100,3000,70
3/15/2022,500,1500,1100,3000,19
3/16/2022,600,1500,1100,3000,83
3/17/2022,600,1400,1000,3000,46
3/18/2022,,,,,
3/19/2022,1000,1500,1200,3000,82
3/20/2022,,,,,
3/21/2022,500,1500,1200,3000,63
3/22/2022,500,1400,1000,3000,32
3/23/2022,500,1400,1000,3000,58
3/24/2022,500,1400,1100,3000,48
3/25/2022,1000,1500,1000,3000,116
3/26/2022,1000,1500,1100,3000,110
3/27/2022,,,,,
3/28/2022,500,1200,1000,3000,38
3/29/2022,500,1300,1000,3000,21
3/30/2022,500,1300,1000,3000,135
3/31/2022,500,1200,1000,3000,48
4/1/2022,400,1500,1200,3000,35
4/2/2022,600,1300,1000,3000,38
4/3/2022,,,,,
4/4/2022,600,1200,1000,3000,37
4/5/2022,600,1200,1000,3000,70
4/6/2022,500,1300,900,2500,100
4/7/2022,500,1200,1000,2500,74
4/8/2022,500,1200,1000,2600,32
4/9/2022,500,1200,1000,2600,30
4/10/2022,,,,,
4/11/2022,500,1300,1100,2600,22
4/12/2022,500,1200,1000,2600,32
4/13/2022,500,1100,1000,2600,28
4/14/2022,,,,,
4/15/2022,,,,,
4/16/2022,500,1000,900,2600,30
4/17/2022,,,,,
4/18/2022,600,1200,1000,2600,26
4/19/2022,600,1100,1000,2600,22
4/20/2022,400,1200,800,2600,47
4/21/2022,600,1200,900,2000,62
4/22/2022,400,1000,800,2000,80
4/23/2022,500,1200,1000,2200,110
4/24/2022,,,,,
4/25/2022,500,1200,800,2500,140
4/26/2022,500,1200,700,2200,180
4/27/2022,600,1000,700,2500,90
4/28/2022,500,1100,600,2500,112
4/29/2022,600,1100,700,2500,120
4/30/2022,500,1200,800,2500,140
5/1/2022,,,,,
5/2/2022,500,1200,800,2500,140
5/3/2022,,,,,
5/4/2022,500,1000,600,2800,70
5/5/2022,600,1000,700,3000,40
5/6/2022,500,1100,800,3000,100
5/7/2022,500,1100,700,3000,112
5/8/2022,,,,,
5/9/2022,400,1100,900,3000,160
5/10/2022,600,1100,700,3000,102
5/11/2022,400,1100,800,3000,180
5/12/2022,400,1100,700,2500,200
5/13/2022,400,1000,700,2500,89
5/14/2022,400,1000,800,2500,90
5/15/2022,,,,,
5/16/2022,,,,,
5/17/2022,600,1000,800,2500,47
5/18/2022,600,1000,800,2500,96
5/19/2022,500,1000,600,2500,66
5/20/2022,400,1200,800,2500,79
5/21/2022,500,1000,600,2500,61
5/22/2022,,,,,
5/23/2022,600,1100,900,2500,69
5/24/2022,600,1200,1000,2500,102
5/25/2022,400,1200,800,2500,140
5/26/2022,400,1200,800,2500,120
5/27/2022,500,1100,600,2500,160
5/28/2022,400,1400,950,3000,140
5/29/2022,,,,,
5/30/2022,600,1200,1000,2500,166
5/31/2022,600,1200,900,2500,180
6/1/2022,400,1200,850,2500,140
6/2/2022,400,1200,800,2500,85
6/3/2022,600,1400,1200,2500,50
6/4/2022,600,1400,1200,2500,68
6/5/2022,,,,,
6/6/2022,400,1400,950,2500,200
6/7/2022,400,1400,1000,2500,160
6/8/2022,500,1400,900,2500,110
6/9/2022,600,1400,1000,2500,142
6/10/2022,400,1500,1200,2500,150
6/11/2022,600,1600,1100,2500,73
6/12/2022,,,,,
6/13/2022,600,1500,1200,2500,64
6/14/2022,600,1600,1100,2500,57
6/15/2022,600,1400,1000,2500,50
6/16/2022,600,1400,950,2500,80
6/17/2022,800,1600,1300,3000,110
6/18/2022,500,1300,1000,2500,140
6/19/2022,,,,,
6/20/2022,500,1500,1100,2500,48
6/21/2022,600,1700,1200,2500,62
6/22/2022,500,1800,1300,2500,87
6/23/2022,600,1600,1200,2500,48
6/24/2022,500,1700,1200,2500,46
6/25/2022,400,1700,1300,2500,64
6/26/2022,,,,,
6/27/2022,600,1500,1000,2500,88
6/28/2022,600,1500,1100,2500,40
6/29/2022,600,1700,1200,3000,82
6/30/2022,600,1700,1300,3000,110
7/1/2022,500,1800,1300,2500,68
7/2/2022,1000,1800,1400,2500,100
7/3/2022,,,,,
7/4/2022,400,1800,1300,3000,48
7/5/2022,400,1800,1200,3000,44
7/6/2022,400,1800,1300,3000,42
7/7/2022,500,1600,1100,3000,58
7/8/2022,600,1700,1200,3000,34
7/9/2022,600,1600,1300,3000,80
7/10/2022,,,,,
7/11/2022,600,1500,1200,3000,64
7/12/2022,600,1400,1100,3000,60
7/13/2022,600,1800,1400,3000,27
7/14/2022,600,1500,1200,3000,32
7/15/2022,600,1500,1100,3000,30
7/16/2022,600,2000,1500,3000,46
7/17/2022,,,,,
7/18/2022,1000,2000,1800,3000,32
7/19/2022,600,1800,1300,3000,90
7/20/2022,600,1800,1500,3000,53
7/21/2022,1000,1800,1600,3000,97
7/22/2022,800,1800,1400,3000,89
7/23/2022,600,1600,1100,3000,82
7/24/2022,,,,,
7/25/2022,800,1600,1300,3000,32
7/26/2022,600,1500,1100,3000,42
7/27/2022,600,1600,1200,3000,30
7/28/2022,600,1500,1100,3000,28
7/29/2022,600,1600,1200,3000,32
7/30/2022,500,1600,1100,3000,52
7/31/2022,,,,,
8/1/2022,800,1600,1300,3500,78
8/2/2022,800,1600,1200,3500,68
8/3/2022,800,1800,1300,3500,71
8/4/2022,1000,2000,1600,4000,110
8/5/2022,700,1500,1200,3500,140
8/6/2022,600,1600,1200,3500,32
8/7/2022,,,,,
8/8/2022,600,1700,1200,3500,52
8/9/2022,,,,,
8/10/2022,800,1500,1200,3500,22
8/11/2022,800,1600,1400,3500,18
8/12/2022,1200,2500,2000,3500,48
8/13/2022,600,1600,1300,3500,63
8/14/2022,,,,,
8/15/2022,,,,,
8/16/2022,500,1500,1100,3500,27
8/17/2022,600,1600,1200,3500,20
8/18/2022,600,1800,1300,3500,10
8/19/2022,,,,,
8/20/2022,,,,,
8/21/2022,,,,,
8/22/2022,800,1600,1300,3500,78
8/23/2022,500,1800,1400,3500,43
8/24/2022,600,1500,1200,3500,100
8/25/2022,1000,1800,1500,3500,73
8/26/2022,800,1500,1200,3500,50
8/27/2022,800,1600,1300,3500,40
8/28/2022,,,,,
8/29/2022,1000,1500,1300,3500,39
8/30/2022,500,1500,1200,3000,18
8/31/2022,600,1400,1100,3000,31
9/1/2022,600,1400,1200,3000,23
9/2/2022,600,1300,1000,3000,43
9/3/2022,600,1400,1150,3000,69
9/4/2022,,,,,
9/5/2022,600,1400,1100,3000,74
9/6/2022,600,1400,1000,3000,60
9/7/2022,500,1500,1200,3000,74
9/8/2022,500,1400,1000,3000,13
9/9/2022,600,1500,1100,3000,62
9/10/2022,1000,1500,1000,3000,54
9/11/2022,600,1300,1000,3000,10
9/12/2022,,,,,
9/13/2022,700,1500,1000,3000,40
9/14/2022,700,1500,1000,3000,35
9/15/2022,500,1700,1200,3000,30
9/16/2022,600,1500,1000,3000,40
9/17/2022,1000,1600,1400,3000,44
9/18/2022,,,,,
9/19/2022,1200,1400,1350,3200,88
9/20/2022,800,1500,1200,3200,83
9/21/2022,600,1600,1250,3200,84
9/22/2022,600,1600,1200,3200,35
9/23/2022,400,1500,1000,3200,60
9/24/2022,1000,1500,1000,3200,22
9/25/2022,,,,,
9/26/2022,600,1800,1300,3200,33
9/27/2022,700,1500,1000,3100,20
9/28/2022,600,1400,1200,3000,25
9/29/2022,500,1500,1200,3000,34
9/30/2022,400,1500,1000,3000,18
10/1/2022,,,,,
10/2/2022,,,,,
10/3/2022,,,,,
10/4/2022,600,1700,1200,3000,12
10/5/2022,,,,,
10/6/2022,600,1500,1200,3000,32
10/7/2022,,,,,
10/8/2022,,,,,
10/9/2022,,,,,
10/10/2022,600,1500,1200,3000,17
10/11/2022,500,1800,1200,3000,18
10/12/2022,700,1500,1200,3000,40
10/13/2022,600,2500,1600,3000,70
10/14/2022,600,2500,1300,3000,60
10/15/2022,600,2400,1200,3000,55
10/16/2022,,,,,
10/17/2022,1000,2500,1800,3000,90
10/18/2022,600,2500,1600,3000,16
10/19/2022,400,1800,1400,3000,80
10/20/2022,800,2300,1800,3000,114
10/21/2022,1000,2500,1800,3000,100
10/22/2022,1000,1500,1300,3000,80
10/23/2022,,,,,
10/24/2022,,,,,
10/25/2022,1000,1500,1200,3000,60
10/26/2022,1000,1500,1400,3000,72
10/27/2022,400,1600,1200,3000,30
10/28/2022,1000,2500,2000,3500,32
10/29/2022,700,2500,1800,3500,21
10/30/2022,,,,,
10/31/2022,400,2500,2000,3500,63
11/1/2022,,,,,
11/2/2022,400,2500,2000,3000,41
11/3/2022,1000,3000,2500,3000,50
11/4/2022,1000,3200,2600,3000,50
11/5/2022,1000,3000,2500,3000,80
11/6/2022,,,,,
11/7/2022,500,3000,2500,3000,110
11/8/2022,,,,,
11/9/2022,600,2200,1600,3200,80
11/10/2022,,,,,
11/11/2022,600,3000,2400,3000,82
11/12/2022,800,3000,2200,3000,74
11/13/2022,,,,,
11/14/2022,600,2500,1800,3000,98
11/15/2022,600,2500,2000,3500,34
11/16/2022,600,2200,1800,3300,30
11/17/2022,1000,2500,2000,3300,60
11/18/2022,600,2200,1700,3300,50
11/19/2022,1000,2500,1800,3300,98
11/20/2022,,,,,
11/21/2022,600,2000,1500,3300,110
11/22/2022,500,2000,1300,3300,53
11/23/2022,600,2000,1500,3300,91
11/24/2022,600,2000,1500,3000,100
11/25/2022,1000,2000,1600,3000,132
11/26/2022,600,1800,1500,2500,92
11/27/2022,,,,,
11/28/2022,1000,2000,1800,2500,52
11/29/2022,1000,2000,1800,2500,52
11/30/2022,800,1800,1200,2500,49
12/1/2022,600,1500,1200,2200,24
12/2/2022,1000,1800,1600,2500,32
12/3/2022,600,1600,1400,2500,64
12/4/2022,,,,,
12/5/2022,600,1800,1500,2500,68
12/6/2022,800,1800,1500,2500,40
12/7/2022,600,1500,1000,2500,72
12/8/2022,600,1800,1300,2500,51
12/9/2022,800,1800,1400,2500,129
12/10/2022,600,1800,1300,2400,66
12/11/2022,,,,,
12/12/2022,500,1400,1100,2500,48
12/13/2022,600,1400,1150,2500,20
12/14/2022,400,1600,1200,2500,80
12/15/2022,400,1600,1300,2500,50
12/16/2022,500,1300,1100,25000,42
12/17/2022,500,1800,1300,2600,33
12/18/2022,,,,,
12/19/2022,,,,,
12/20/2022,600,1800,1500,2600,16
12/21/2022,500,1600,1300,2600,50
12/22/2022,600,1600,1400,2600,24
12/23/2022,600,2000,1600,2600,60
12/24/2022,600,1800,1400,2500,23
12/25/2022,,,,,
12/26/2022,600,2000,1600,2500,91
12/27/2022,800,2000,1500,2500,71
12/28/2022,,,,,
12/29/2022,400,2000,1600,2500,52
12/30/2022,600,2000,1600,2500,77
12/31/2022,600,2200,1800,2500,66
1/1/2023,,,,,
1/2/2023,1000,2000,1600,3000,64
1/3/2023,1000,1500,1300,3200,22
1/4/2023,1000,2500,2000,3500,48
1/5/2023,1000,2500,2100,3200,140
1/6/2023,700,2000,1600,3000,102
1/7/2023,600,2000,1600,3000,98
1/8/2023,,,,,
1/9/2023,600,2000,1550,3000,64
1/10/2023,1000,2000,1600,3000,28
1/11/2023,600,2000,1650,3000,73
1/12/2023,600,2000,1600,3000,52
1/13/2023,600,2000,1650,3000,110
1/14/2023,600,2000,1600,3000,102
1/15/2023,,,,,
1/16/2023,800,1500,1300,3000,10
1/17/2023,1000,2000,1800,3000,66
1/18/2023,1000,2000,1600,3000,40
1/19/2023,600,2000,1700,3000,55
1/20/2023,800,2000,1500,3000,78
1/21/2023,600,2000,1500,3000,62
1/22/2023,,,,,
1/23/2023,600,2000,1600,3000,48
1/24/2023,500,1800,1400,3000,84
1/25/2023,600,2000,1500,3000,120
1/26/2023,,,,,
1/27/2023,600,1800,1600,3000,68
1/28/2023,600,1600,1200,3000,35
1/29/2023,,,,,
1/30/2023,600,1600,1300,3000,93
1/31/2023,500,1600,1200,3000,66
2/1/2023,600,1500,1200,3000,94
2/2/2023,600,1500,1200,3000,152
2/3/2023,500,1600,1200,3000,30
2/4/2023,500,1400,1100,3000,58
2/5/2023,,,,,
2/6/2023,600,1300,1100,3000,106
2/7/2023,500,1200,1000,3000,80
2/8/2023,400,1300,1000,3000,93
2/9/2023,500,1300,1100,3000,75
2/10/2023,400,1500,1200,3000,66
2/11/2023,400,1300,1000,3000,68
2/12/2023,,,,,
2/13/2023,400,1300,1100,3000,60
2/14/2023,800,1300,1200,3000,36
2/15/2023,400,1400,1100,3000,103
2/16/2023,600,1400,1200,3000,199
2/17/2023,400,1400,1100,3000,67
2/18/2023,800,1400,1300,3000,80
2/19/2023,,,,,
2/20/2023,400,1200,1000,3000,92
2/21/2023,400,1100,1000,3000,85
2/22/2023,400,1400,1300,3000,75
2/23/2023,400,1500,1100,3000,36
2/24/2023,600,1400,1200,3000,66
2/25/2023,600,1500,1200,3000,36
2/26/2023,,,,,
2/27/2023,400,1100,900,3000,52
2/28/2023,400,1000,800,2500,80
3/1/2023,400,1000,900,2500,60
3/2/2023,350,850,700,2500,55
3/3/2023,400,1000,800,2500,48
3/4/2023,400,1200,800,2500,58
3/5/2023,,,,,
3/6/2023,400,1100,1000,2500,80
3/7/2023,400,1000,900,2500,82
3/8/2023,,,,,
3/9/2023,400,1000,800,2000,38
3/10/2023,500,1000,900,2000,32
3/11/2023,500,1200,1000,2000,62
3/12/2023,,,,,
3/13/2023,400,1200,900,2000,128
3/14/2023,400,1200,1000,2200,80
3/15/2023,500,1200,900,2000,112
3/16/2023,500,1200,1000,2000,160
3/17/2023,500,1200,1000,2000,125
3/18/2023,500,1100,900,2000,110
3/19/2023,,,,,
3/20/2023,500,1000,800,2000,88
3/21/2023,500,1000,950,2000,50
3/22/2023,400,1000,900,2000,82
3/23/2023,,,,,
3/24/2023,500,1000,800,2000,80
3/25/2023,400,1200,1000,2000,92
3/26/2023,,,,,
3/27/2023,500,1300,1100,2000,140
3/28/2023,600,1200,1000,2000,123
3/29/2023,400,1200,1100,2000,110
3/30/2023,,,,,
3/31/2023,500,1000,600,2000,112
4/1/2023,500,1000,600,2000,62
4/2/2023,,,,,
4/3/2023,500,1000,600,2000,60
4/4/2023,,,,,
4/5/2023,500,1000,800,2000,42
4/6/2023,400,1000,800,2000,36
4/7/2023,,,,,
4/8/2023,400,800,700,2000,32
4/9/2023,,,,,
4/10/2023,400,1000,900,2000,62
4/11/2023,600,1000,900,2000,10
4/12/2023,400,1000,800,2000,12
4/13/2023,400,1000,800,2000,10
4/14/2023,,,,,
4/15/2023,600,1000,900,2000,30
4/16/2023,,,,,
4/17/2023,400,1000,800,2200,48
4/18/2023,400,1000,700,2000,62
4/19/2023,500,800,720,2000,112
4/20/2023,500,1000,800,2000,190
4/21/2023,500,1000,700,2000,222
4/22/2023,,,,,
4/23/2023,,,,,
4/24/2023,400,1000,750,2000,180
4/25/2023,400,1000,800,2000,120
4/26/2023,400,800,700,2000,70
4/27/2023,400,1000,900,2000,80
4/28/2023,400,900,700,2000,99
4/29/2023,400,800,720,2000,102
4/30/2023,,,,,
5/1/2023,400,800,700,2500,86
5/2/2023,400,1000,800,2000,108
5/3/2023,600,1000,900,2200,82
5/4/2023,600,1000,800,2000,102
5/5/2023,500,1000,600,2000,60
5/6/2023,,,,,
5/7/2023,,,,,
5/8/2023,600,1000,900,2000,75
5/9/2023,400,1000,800,2000,34
5/10/2023,600,1200,1000,2000,114
5/11/2023,400,1000,850,2000,167
5/12/2023,400,1000,900,2000,120
5/13/2023,500,1000,900,2000,79
5/14/2023,,,,,
5/15/2023,400,1000,800,2000,124
5/16/2023,400,1000,800,2000,68
5/17/2023,300,1000,780,2000,162
5/18/2023,500,1000,800,2000,102
5/19/2023,400,1000,600,2000,156
5/20/2023,500,1000,800,2000,160
5/21/2023,,,,,
5/22/2023,400,1000,800,2000,153
5/23/2023,400,800,650,2000,35
5/24/2023,400,1000,800,2000,95
5/25/2023,400,800,700,2000,59
5/26/2023,400,800,700,2000,96
5/27/2023,400,800,700,2000,100
5/28/2023,,,,,
5/29/2023,400,800,650,2000,112
5/30/2023,400,900,700,2000,118
5/31/2023,400,1000,800,2000,132
6/1/2023,400,800,700,2500,102
6/2/2023,400,800,650,2500,74
6/3/2023,400,1000,800,2500,106
6/4/2023,,,,,
6/5/2023,400,1000,750,2500,102
6/6/2023,500,1000,875,2500,60
6/7/2023,400,1000,850,2000,142
6/8/2023,400,1200,1000,20000,82
6/9/2023,400,1100,950,2000,69
6/10/2023,800,1200,1100,2500,52
6/11/2023,,,,,
6/12/2023,500,1200,1025,2500,64
6/13/2023,500,1200,1000,2500,52
6/14/2023,400,1200,1100,2500,70
6/15/2023,500,1300,1100,2500,69
6/16/2023,400,1500,1225,2500,60
6/17/2023,400,1500,1200,2400,54
6/18/2023,,,,,
6/19/2023,400,1500,1000,2500,102
6/20/2023,600,1400,1200,2500,130
6/21/2023,500,1400,1175,2500,98
6/22/2023,400,1200,1000,2500,66
6/23/2023,500,1300,1100,2500,112
6/24/2023,400,1400,1200,2500,88
6/25/2023,,,,,
6/26/2023,500,1200,1025,2500,84
6/27/2023,400,1300,1075,2500,50
6/28/2023,400,1300,1050,2500,48
6/29/2023,,,,,
6/30/2023,500,1400,1175,3000,88
7/1/2023,500,1600,1200,2500,62
7/2/2023,,,,,
7/3/2023,1000,1600,1350,3000,32
7/4/2023,800,2000,1700,3000,42
7/5/2023,800,1800,1550,3000,64
7/6/2023,600,1800,1500,3000,22
7/7/2023,600,1800,1550,3500,62
7/8/2023,800,2000,1600,4000,112
7/9/2023,,,,,
7/10/2023,800,2000,1650,4000,118
7/11/2023,1000,1800,1200,4000,80
7/12/2023,600,1800,950,4000,98
7/13/2023,600,1800,900,3500,120
7/14/2023,600,1500,1200,3500,82
7/15/2023,600,1800,900,3500,72
7/16/2023,,,,,
7/17/2023,600,1800,900,3600,49
7/18/2023,600,1800,1200,4000,10
7/19/2023,1000,1600,1500,3500,60
7/20/2023,1000,1500,1200,3500,20
7/21/2023,400,1500,1000,3500,32
7/22/2023,500,1500,1300,3500,72
7/23/2023,,,,,
7/24/2023,500,1500,1200,3500,50
7/25/2023,600,1600,1400,3500,69
7/26/2023,600,1600,1000,3700,55
7/27/2023,600,1800,1200,4000,30
7/28/2023,600,1500,1300,4000,98
7/29/2023,,,,,
7/30/2023,,,,,
7/31/2023,600,1500,1200,4000,86
8/1/2023,800,2200,1800,4000,57
8/2/2023,800,2000,1800,4000,62
8/3/2023,,,,,
8/4/2023,800,2500,2000,4000,41
8/5/2023,1000,2000,1800,4000,18
8/6/2023,800,1500,1300,4000,34
8/7/2023,,,,,
8/8/2023,500,2500,2000,4000,29
8/9/2023,500,2400,2000,4000,26
8/10/2023,,,,,
8/11/2023,800,2000,1800,4000,30
8/12/2023,800,2000,1800,4000,30
8/13/2023,800,2400,2000,4000,63
8/14/2023,800,2500,2000,4000,46
8/15/2023,800,2300,1900,4000,40
8/16/2023,800,2500,2000,4000,78
8/17/2023,,,,,
8/18/2023,800,2000,1600,4000,32
8/19/2023,,,,,
8/20/2023,800,2000,1600,4000,58
8/21/2023,800,2200,1800,4000,30
8/22/2023,800,2500,2000,4000,30
8/23/2023,800,2000,1600,4000,36
8/24/2023,,,,,
8/25/2023,1000,2800,2200,4000,34
8/26/2023,1000,2800,2200,4000,34
8/27/2023,1000,2800,2400,4000,32
8/28/2023,,,,,
8/29/2023,1000,2300,2000,4000,52
8/30/2023,,,,,
8/31/2023,,,,,
9/1/2023,800,2200,1800,4000,57
9/2/2023,800,2000,1800,4000,62
9/3/2023,,,,,
9/4/2023,800,2500,2000,4000,41
9/5/2023,1000,2000,1800,4000,18
9/6/2023,800,1500,1300,4000,34
9/7/2023,,,,,
9/8/2023,500,2500,2000,4000,29
9/9/2023,500,2400,2000,4000,26
9/10/2023,,,,,
9/11/2023,800,2000,1800,4000,30
9/12/2023,800,2000,1800,4000,30
9/13/2023,800,2400,2000,4000,63
9/14/2023,800,2500,2000,4000,46
9/15/2023,800,2300,1900,4000,40
9/16/2023,800,2500,2000,4000,78
9/17/2023,,,,,
9/18/2023,800,2000,1600,4000,32
9/19/2023,,,,,
9/20/2023,800,2000,1600,4000,58
9/21/2023,800,2200,1800,4000,30
9/22/2023,800,2500,2000,4000,30
9/23/2023,800,2000,1600,4000,36
9/24/2023,,,,,
9/25/2023,1000,2800,2200,4000,34
9/26/2023,1000,2800,2200,4000,34
9/27/2023,1000,2800,2400,4000,32
9/28/2023,,,,,
9/29/2023,1000,2300,2000,4000,52
9/30/2023,,,,,
10/1/2023,,,,,
10/2/2023,,,,,
10/3/2023,,,,,
10/4/2023,1000,2500,2000,4000,76
10/5/2023,1000,2400,2000,4000,29
10/6/2023,800,2500,2000,4000,67
10/7/2023,1000,3000,2500,4000,17
10/8/2023,,,,,
10/9/2023,800,2500,2000,4000,79
10/10/2023,800,2300,1800,4000,39
10/11/2023,800,2200,1800,4000,46
10/12/2023,1000,2200,1800,4000,33
10/13/2023,1000,2200,1800,4000,58
10/14/2023,1000,2500,2000,4000,33
10/15/2023,,,,,
10/16/2023,800,2300,1800,4000,20
10/17/2023,500,1000,800,4000,1
10/18/2023,1500,2500,2200,4000,25
10/19/2023,2000,4000,3500,4000,7
10/20/2023,1000,3200,2800,4000,41
10/21/2023,1500,3000,2500,4000,51
10/22/2023,,,,,
10/23/2023,800,3000,2500,4000,23
10/24/2023,,,,,
10/25/2023,1500,3000,2500,4000,22
10/26/2023,1500,3000,2500,4000,22
10/27/2023,2000,3000,2500,4000,18
10/28/2023,1000,4000,3200,4000,8
10/29/2023,,,,,
10/30/2023,2000,5000,4500,6000,47
10/31/2023,4000,5000,4800,6000,1
11/1/2023,4000,5100,4900,6500,2
11/2/2023,2000,5000,4500,6500,71
11/3/2023,2000,4000,3500,6500,50
11/4/2023,2000,4000,3500,6500,44
11/5/2023,,,,,
11/6/2023,1500,4000,3600,6500,56
11/7/2023,1000,4000,3000,6500,20
11/8/2023,1500,4000,3200,6500,51
11/9/2023,2000,4000,3500,6500,63
11/10/2023,1000,4000,3000,6500,36
11/11/2023,1000,3000,2500,6500,28
11/12/2023,,,,,
11/13/2023,1000,4000,3000,6500,44
11/14/2023,1000,4000,3500,6500,47
11/15/2023,2000,3000,2800,6500,9
11/16/2023,2000,4000,3500,6500,43
11/17/2023,2000,4000,3600,6500,12
11/18/2023,1500,4000,3000,6500,43
11/19/2023,,,,,
11/20/2023,1000,4000,3000,6500,51
11/21/2023,1500,4000,3000,6500,11
11/22/2023,2000,4500,3800,6500,45
11/23/2023,1000,4000,3000,6500,64
11/24/2023,1500,3500,2800,6500,65
11/25/2023,1000,3500,2800,6500,103
11/26/2023,,,,,
11/27/2023,,,,,
11/28/2023,1000,3500,2800,6500,58
11/29/2023,1000,3000,2500,6500,42
11/30/2023,,,,,
12/1/2023,1000,3500,2800,6500,56
12/2/2023,1000,3000,2500,6500,40
12/3/2023,,,,,
12/4/2023,1000,3000,2500,6500,26
12/5/2023,1000,3000,2500,6500,11
12/6/2023,1000,3000,2400,6500,12
12/7/2023,1000,3000,2500,6500,70
12/8/2023,1000,4000,3600,6500,31
12/9/2023,1000,3000,2500,6500,69
12/10/2023,,,,,
12/11/2023,1500,3500,3000,6500,111
12/12/2023,1000,3500,3000,6500,33
12/13/2023,1500,3000,2800,6500,26
12/14/2023,1000,3500,3000,6500,211
12/15/2023,1000,3000,2500,6500,113
12/16/2023,1000,3000,2500,6500,101
12/17/2023,,,,,
12/18/2023,1000,3000,2500,6500,66
12/19/2023,1000,3000,2500,6500,194
12/20/2023,800,2500,2000,6500,107
12/21/2023,1000,2000,1800,6500,118
12/22/2023,600,2200,1800,6500,92
12/23/2023,600,2200,1800,6500,138
12/24/2023,,,,,
12/25/2023,,,,,
12/26/2023,800,2200,1800,6500,36
12/27/2023,1000,2000,1800,6500,103
12/28/2023,500,2000,1500,6500,76
12/29/2023,500,2300,2000,6500,118
12/30/2023,600,2200,1800,6500,107
12/31/2023,,,,,
1/1/2024,600,2300,2000,6500,162
1/2/2024,700,2400,2000,6500,158
1/3/2024,500,2000,1600,6500,16
1/4/2024,500,2200,1500,6500,82
1/5/2024,1000,2200,1800,6500,66
1/6/2024,800,2200,1800,6500,95
1/7/2024,,,,,
1/8/2024,600,2000,1500,6500,109
1/9/2024,1000,2000,1800,6500,46
1/10/2024,600,2200,1600,6500,144
1/11/2024,400,2200,1800,6500,151
1/12/2024,400,2100,1700,6500,125
1/13/2024,400,2000,1500,6500,67
1/14/2024,,,,,
1/15/2024,700,2000,1600,6500,61
1/16/2024,1000,2000,1600,6500,91
1/17/2024,500,1600,1300,6500,9
1/18/2024,1000,2000,1600,6500,54
1/19/2024,600,1600,1300,6500,66
1/20/2024,800,2000,1600,6500,112
1/21/2024,,,,,
1/22/2024,600,2000,1500,6500,160
1/23/2024,600,1800,1500,6500,111
1/24/2024,700,1800,1500,6500,42
1/25/2024,600,1700,1400,6500,36
1/26/2024,,,,,
1/27/2024,700,1800,1500,6000,48
1/28/2024,,,,,
1/29/2024,400,1600,1200,6500,12
1/30/2024,400,1600,1300,6500,35
1/31/2024,500,1600,1200,6500,71